id,branch_group,branch_no,name_en,name_zh,brand_en,brand_zh,category,subcategory,lat,lng,area,address_en,address_zh,best_time,tags,food_type,halal_status,price_level,recommended_duration_min,description_en,description_zh,why_visit_en,why_visit_zh,map_url,official_url,status,verification_status,last_checked,source_note,is_chain,is_food,is_temple,is_transport_related
ipoh-railway-station,railway-station,1,Ipoh Railway Station,怡保火车站,Ipoh Railway Station,怡保火车站,transport,railway,4.59701,101.07322,Old Town,Jalan Panglima Bukit Gantang Wahab,旧街场附近,morning|afternoon|evening,heritage|rail|photo|arrival,,unknown,$,35,Colonial railway landmark and natural starting point for an Ipoh walk.,殖民风格火车站，也是怡保步行路线的自然起点。,Good first node because many Old Town sights are nearby.,适合作为第一站，旧街场景点都容易串起来。,https://maps.google.com/?q=Ipoh+Railway+Station,,active,community_suggested,2026-06-02,Seed civic data; verify details before relying on it.,false,false,false,true
birch-memorial-clock-tower,birch-clock,1,Birch Memorial Clock Tower,毕治纪念钟楼,Birch Memorial Clock Tower,毕治纪念钟楼,heritage,monument,4.59635,101.07522,Old Town,Jalan Dato Sagor,旧街场,morning|afternoon,heritage|photo|colonial,,unknown,$,20,Historic clock tower close to the railway station and civic buildings.,靠近火车站和旧行政建筑的历史钟楼。,Short walk from the station and useful for understanding colonial Ipoh.,距离火车站很近，方便理解旧怡保历史脉络。,https://maps.google.com/?q=Birch+Memorial+Clock+Tower+Ipoh,,active,community_suggested,2026-06-02,Seed civic data.,false,false,false,false
ipoh-town-hall,town-hall,1,Ipoh Town Hall,怡保市政厅,Ipoh Town Hall,怡保市政厅,heritage,civic_building,4.59674,101.07382,Old Town,Jalan Panglima Bukit Gantang Wahab,火车站旁,morning|afternoon,heritage|architecture|photo,,unknown,$,20,Elegant civic building beside the railway station.,火车站旁边的优雅市政建筑。,Pairs naturally with the station for a low-effort heritage route.,可与火车站顺路组合，轻松形成古迹路线。,https://maps.google.com/?q=Ipoh+Town+Hall,,active,community_suggested,2026-06-02,Seed civic data.,false,false,false,false
han-chin-pet-soo,han-chin,1,Han Chin Pet Soo,闲真别墅,Han Chin Pet Soo,闲真别墅,museum,heritage_museum,4.59631,101.07716,Old Town,No. 3 Jalan Bijeh Timah,旧街场二奶巷附近,morning|afternoon,museum|heritage|mining|hakka,,unknown,$$,75,Museum about tin-mining society and Hakka heritage in Old Town.,介绍锡矿社会和客家文化的旧街场博物馆。,Adds deeper context between street photos and food stops.,在拍照和美食之间加入历史深度。,https://maps.google.com/?q=Han+Chin+Pet+Soo,,active,community_suggested,2026-06-02,Entry arrangements may change; verify before visiting.,false,false,false,false
ho-yan-hor-museum,ho-yan-hor,1,Ho Yan Hor Museum,何人可博物馆,Ho Yan Hor Museum,何人可博物馆,museum,brand_museum,4.59644,101.07758,Old Town,Jalan Bijeh Timah,旧街场,morning|afternoon,museum|heritage|local_brand,,unknown,$,45,Small museum telling the story of a well-known Ipoh herbal tea brand.,介绍怡保本地凉茶品牌故事的小型博物馆。,Good indoor stop near Concubine Lane when the weather is hot.,天气热时可作为二奶巷附近的室内停靠点。,https://maps.google.com/?q=Ho+Yan+Hor+Museum+Ipoh,,active,community_suggested,2026-06-02,Opening details should be checked.,false,false,false,false
concubine-lane,concubine-lane,1,Concubine Lane,二奶巷,Concubine Lane,二奶巷,street,heritage_lane,4.59676,101.07787,Old Town,Lorong Panglima,旧街场二奶巷,morning|afternoon|evening,heritage|snacks|photo|shopping,,unknown,$$,50,"Iconic narrow lane with souvenirs, snacks and photo spots.",怡保经典小巷，有手信、小吃和拍照点。,"Central connector between heritage museums, coffee and murals.",连接博物馆、白咖啡和壁画区的核心节点。,https://maps.google.com/?q=Concubine+Lane+Ipoh,,active,community_suggested,2026-06-02,Busy on weekends.,false,false,false,false
market-lane,market-lane,1,Market Lane,三奶巷,Market Lane,三奶巷,street,heritage_lane,4.59606,101.07814,Old Town,Lorong Pasar,旧街场市场巷,morning|afternoon,heritage|photo|street,,unknown,$,30,Quieter heritage lane near Concubine Lane.,二奶巷附近较安静的历史小巷。,Useful calmer alternative when Concubine Lane is crowded.,二奶巷太拥挤时，这里是更舒服的替代点。,https://maps.google.com/?q=Market+Lane+Ipoh,,active,community_suggested,2026-06-02,Seed civic data.,false,false,false,false
mural-arts-lane,mural-lane,1,Mural Art's Lane,壁画艺术巷,Mural Art's Lane,壁画艺术巷,street,mural,4.59472,101.08322,New Town,Jalan Masjid,新街场附近,morning|afternoon,mural|photo|walk,,unknown,$,40,Street art lane with murals and easy walking access from food streets.,有多幅壁画，适合从美食街顺路步行。,A visual break between food stops and Old Town heritage.,在美食和古迹路线之间加入轻松拍照点。,https://maps.google.com/?q=Mural+Art%27s+Lane+Ipoh,,active,community_suggested,2026-06-02,Seed civic data.,false,false,false,false
kinta-riverfront,kinta-riverfront,1,Kinta Riverfront Walk,近打河畔,Kinta Riverfront Walk,近打河畔,park,river_walk,4.6017,101.0782,Kinta River,Jalan Lim Bo Seng,近打河畔,evening|night,river|walk|lights|family,,unknown,$,45,Evening river walk with lights and relaxed pace.,晚上灯光和河边散步气氛轻松。,Best after dinner when visitors want a gentle final stop.,晚餐后适合作为轻松收尾站。,https://maps.google.com/?q=Kinta+Riverfront+Ipoh,,active,community_suggested,2026-06-02,Seed civic data.,false,false,false,false
dataran-ipoh,dataran,1,Dataran Ipoh,怡保广场,Dataran Ipoh,怡保广场,park,city_square,4.60485,101.09551,New Town,Jalan Sultan Abdul Jalil,新街场,evening|night,open_space|family|city,,unknown,$,30,Open city square often used as a family-friendly evening stop.,市区开放广场，适合晚上轻松走走。,Works well after food stops around New Town.,吃完新街场美食后可顺路散步。,https://maps.google.com/?q=Dataran+Ipoh,,active,community_suggested,2026-06-02,Seed civic data.,false,false,false,false
dr-seenivasagam-park,dr-park,1,DR Seenivasagam Recreational Park,DR 公园,DR Seenivasagam Recreational Park,DR 公园,park,recreation,4.60431,101.08276,Kinta River,Jalan Keliling Dalam,近打河附近,morning|evening,park|family|walk,,unknown,$,60,Large public park for a slower green break.,大型公共公园，适合放慢节奏。,Good breathing space between city food and heritage stops.,可在城市美食与古迹之间加入休息感。,https://maps.google.com/?q=DR+Seenivasagam+Park+Ipoh,,active,community_suggested,2026-06-02,Seed civic data.,false,false,false,false
padang-ipoh,padang,1,Padang Ipoh,怡保草场,Padang Ipoh,怡保草场,heritage,field,4.5969,101.0756,Old Town,Jalan S. P. Seenivasagam,旧街场,morning|afternoon|evening,heritage|photo|open_space,,unknown,$,25,Historic field surrounded by Old Town landmarks.,旧街场古迹建筑围绕的草场。,A simple orientation point when linking railway station to lanes.,从火车站走向小巷时很好定位。,https://maps.google.com/?q=Padang+Ipoh,,active,community_suggested,2026-06-02,Seed civic data.,false,false,false,false
kong-heng-square,kong-heng,1,Kong Heng Square,光兴广场,Kong Heng Square,光兴广场,shopping,creative_market,4.59651,101.07854,Old Town,Jalan Panglima,旧街场,morning|afternoon|evening,shopping|heritage|snacks|creative,,unknown,$$,45,"Creative cluster with small shops, snacks and heritage atmosphere.",集合小店、小吃和旧建筑气氛的创意区。,Natural bridge between Concubine Lane and cafe stops.,连接二奶巷和咖啡店路线很自然。,https://maps.google.com/?q=Kong+Heng+Square+Ipoh,,active,community_suggested,2026-06-02,Seed civic data.,false,false,false,false
bookxcess-kong-heng,bookxcess,1,BookXcess Kong Heng,BookXcess 光兴,BookXcess,BookXcess,shopping,bookstore,4.59661,101.07856,Old Town,Kong Heng Square,光兴广场,afternoon|evening,bookstore|indoor|photo,,unknown,$$,40,Bookstore inside a heritage-style setting.,位于老建筑氛围里的书店。,Good cooling indoor stop near the busy lanes.,靠近热闹小巷，可作为室内冷气停靠点。,https://maps.google.com/?q=BookXcess+Kong+Heng+Ipoh,,active,community_suggested,2026-06-02,Seed civic data.,false,false,false,false
gerbang-malam,gerbang-malam,1,Gerbang Malam,夜市街,Gerbang Malam,夜市街,night_market,night_bazaar,4.59692,101.08593,New Town,Jalan Dato Tahwil Azar,新街场夜市街,night,night_market|shopping|street,,unknown,$$,60,Night bazaar for casual shopping after dinner.,晚餐后适合逛逛的夜市街。,"Useful final node after Lou Wong, Tong Sui Kai or Funny Mountain.",吃完老黄、糖水街或奇峰后很顺路。,https://maps.google.com/?q=Gerbang+Malam+Ipoh,,active,community_suggested,2026-06-02,Seed civic data.,false,false,false,false
tong-sui-kai,tong-sui-kai,1,Tong Sui Kai,糖水街,Tong Sui Kai,糖水街,food,hawker_street,4.59781,101.08737,New Town,Jalan Carey,新街场糖水街,evening|night,hawker|dessert|local_food,hawker,mixed,$,60,Evening hawker street known for desserts and local dishes.,以糖水和本地小吃闻名的晚间美食街。,Best when the route needs many food choices in one stop.,想一次有很多小吃选择时很适合。,https://maps.google.com/?q=Tong+Sui+Kai+Ipoh,,active,community_suggested,2026-06-02,Seed civic data.,false,true,false,false
kek-lok-tong,kek-lok-tong,1,Kek Lok Tong,极乐洞,Kek Lok Tong,极乐洞,temple,cave_temple,4.55931,101.12944,Gunung Rapat,Persiaran Sepakat,昆仑喇叭,morning|afternoon,cave|temple|nature|limestone,,unknown,$,90,Spacious limestone cave temple with a garden beyond the cave.,宽敞石灰岩洞庙，洞后有花园。,Strong anchor for a nature-temple route outside the city core.,适合作为市区外自然洞庙路线主节点。,https://maps.google.com/?q=Kek+Lok+Tong,,active,community_suggested,2026-06-02,Seed civic data.,false,false,true,false
sam-poh-tong,sam-poh-tong,1,Sam Poh Tong,三宝洞,Sam Poh Tong,三宝洞,temple,cave_temple,4.56164,101.11295,Gunung Rapat,Gunung Rapat,昆仑喇叭,morning|afternoon,cave|temple|limestone|heritage,,unknown,$,75,Famous cave temple along the Gunung Rapat temple cluster.,昆仑喇叭洞庙群中的著名洞庙。,Pairs well with Kek Lok Tong and nearby cave temples.,可与极乐洞和附近洞庙连成路线。,https://maps.google.com/?q=Sam+Poh+Tong,,active,community_suggested,2026-06-02,Seed civic data.,false,false,true,false
ling-sen-tong,ling-sen-tong,1,Ling Sen Tong,灵仙岩,Ling Sen Tong,灵仙岩,temple,cave_temple,4.55911,101.11331,Gunung Rapat,Gunung Rapat,昆仑喇叭,morning|afternoon,cave|temple|colorful|photo,,unknown,$,45,Colorful temple stop near Sam Poh Tong.,靠近三宝洞的彩色庙宇。,Adds a short and easy visual stop to the cave-temple chain.,为洞庙路线加入短而容易的拍照点。,https://maps.google.com/?q=Ling+Sen+Tong+Ipoh,,active,community_suggested,2026-06-02,Seed civic data.,false,false,true,false
nam-thean-tong,nam-thean-tong,1,Nam Thean Tong,南天洞,Nam Thean Tong,南天洞,temple,cave_temple,4.55875,101.11418,Gunung Rapat,Gunung Rapat,昆仑喇叭,morning|afternoon,cave|temple|limestone,,unknown,$,45,Cave temple close to Ling Sen Tong and Sam Poh Tong.,靠近灵仙岩与三宝洞的洞庙。,Good point-to-point link in the temple cluster.,在洞庙群中很适合作为点到点连接。,https://maps.google.com/?q=Nam+Thean+Tong+Ipoh,,active,community_suggested,2026-06-02,Seed civic data.,false,false,true,false
perak-tong,perak-tong,1,Perak Tong,霹雳洞,Perak Tong,霹雳洞,temple,cave_temple,4.64232,101.10526,Tasek,Jalan Kuala Kangsar,打昔方向,morning|afternoon,cave|temple|viewpoint|limestone,,unknown,$,90,Cave temple with limestone setting and a higher viewpoint walk.,有石灰岩景观和较高观景点的洞庙。,Better for visitors who want a more active temple stop.,适合想要多一点活动量的旅客。,https://maps.google.com/?q=Perak+Tong+Ipoh,,active,community_suggested,2026-06-02,Seed civic data.,false,false,true,false
qing-xin-ling,qing-xin-ling,1,Qing Xin Ling Leisure and Cultural Village,清心岭,Qing Xin Ling,清心岭,attraction,cultural_village,4.56332,101.11867,Gunung Rapat,Gunung Rapat,昆仑喇叭,morning|afternoon,limestone|culture|photo|family,,unknown,$$,90,Leisure village with limestone scenery and nostalgic photo corners.,有石灰岩风景和怀旧拍照角落的休闲文化村。,Works well with cave temples when transport is available.,有交通时可和洞庙区一起安排。,https://maps.google.com/?q=Qing+Xin+Ling+Ipoh,,active,community_suggested,2026-06-02,Verify ticketing before visiting.,false,false,false,false
mirror-world-ipoh,mirror-world,1,Mirror World Ipoh,镜子世界,Mirror World Ipoh,镜子世界,attraction,photo_attraction,4.56604,101.11962,Gunung Rapat,Gunung Rapat,昆仑喇叭,afternoon,photo|family|indoor,,unknown,$$,45,Photo attraction near Gunung Rapat leisure and cave temple areas.,靠近昆仑喇叭洞庙和休闲区的拍照景点。,Optional stop if travelling with family or photo-focused visitors.,适合家庭或喜欢拍照的旅客作为加点。,https://maps.google.com/?q=Mirror+World+Ipoh,,active,needs_verification,2026-06-02,Seed listing requires verification.,false,false,false,false
gunung-langat,gunung-langat,1,Gunung Lang Recreational Park,昆仑浪休闲公园,Gunung Lang Recreational Park,昆仑浪休闲公园,nature,recreation_park,4.63321,101.08234,Gunung Lang,Jalan Damai,昆仑浪,morning|afternoon,lake|park|limestone|family,,unknown,$,90,Limestone lake park north of the city.,市区北部的石灰岩湖景公园。,Good nature node if visitors have transport beyond Old Town.,若有交通工具，可作为旧街场外的自然节点。,https://maps.google.com/?q=Gunung+Lang+Recreational+Park,,active,community_suggested,2026-06-02,Seed civic data.,false,false,false,false
lost-world-tambun,lost-world,1,Lost World of Tambun,双威打扪迷失乐园,Lost World of Tambun,迷失乐园,attraction,theme_park,4.62528,101.15408,Tambun,Sunway City Ipoh,打扪,afternoon|evening|night,theme_park|hot_spring|family,,unknown,$$$,240,Theme park and hot spring destination outside the city centre.,市区外的主题乐园与温泉目的地。,Best as a separate half-day route rather than a quick city stop.,更适合半日路线，不适合匆匆顺路。,https://maps.google.com/?q=Lost+World+of+Tambun,,active,community_suggested,2026-06-02,Verify ticketing and opening hours.,false,false,false,false
tambun-hot-springs,tambun-hot-springs,1,Tambun Hot Springs Area,打扪温泉区,Tambun Hot Springs,打扪温泉,nature,hot_spring_area,4.6231,101.1532,Tambun,Tambun,打扪,evening|night,hot_spring|relax|family,,unknown,$$$,120,Relaxed hot spring area around Tambun attractions.,打扪景点周边的温泉休闲区域。,Useful evening extension after Tambun family attractions.,可作为打扪亲子景点后的晚上延伸。,https://maps.google.com/?q=Tambun+Hot+Springs+Ipoh,,active,needs_verification,2026-06-02,Area listing; verify exact venue.,false,false,false,false
tasik-cermin,tasik-cermin,1,Tasik Cermin,镜湖,Tasik Cermin,镜湖,nature,limestone_lake,4.57318,101.11458,Gunung Rapat,Gunung Rapat,昆仑喇叭,morning|afternoon,lake|limestone|photo|nature,,unknown,$$,90,Limestone mirror lake attraction near Gunung Rapat.,昆仑喇叭附近的石灰岩镜湖景点。,Strong visual node for travellers with car or ride-hailing.,有车或电召车时，是视觉效果很强的节点。,https://maps.google.com/?q=Tasik+Cermin+Ipoh,,active,community_suggested,2026-06-02,Verify ticketing before visiting.,false,false,false,false
tasik-cermin-2,tasik-cermin,2,Tasik Cermin 2,镜湖 2,Tasik Cermin,镜湖,nature,limestone_lake,4.57075,101.11398,Gunung Rapat,Gunung Rapat,昆仑喇叭,morning|afternoon,lake|limestone|photo|nature,,unknown,$$,75,Nearby mirror lake attraction often paired with Tasik Cermin routes.,常与镜湖路线一起考虑的附近湖景点。,Useful optional second nature point if the route has time.,时间充足时可作为第二自然点。,https://maps.google.com/?q=Tasik+Cermin+2+Ipoh,,active,needs_verification,2026-06-02,Verify naming and access before use.,false,false,false,false
eco-park-ipoh,eco-park,1,Kledang Saiong Forest Eco Park,近打森林生态公园,Kledang Saiong Forest Eco Park,森林生态公园,nature,forest,4.6122,101.0394,Menglembu,Near Menglembu,万里望附近,morning,forest|nature|walk,,unknown,$,120,Forest-side nature option west of Ipoh.,怡保西侧的森林自然选择。,For travellers who want a greener route away from Old Town.,适合想离开旧街场、走绿色路线的旅客。,https://maps.google.com/?q=Kledang+Saiong+Forest+Eco+Park,,active,needs_verification,2026-06-02,Verify exact access.,false,false,false,false
aeon-kinta-city,aeon-kinta,1,AEON Mall Kinta City,AEON 近打城,AEON Mall,AEON,shopping,mall,4.61834,101.11912,Kinta City,Jalan Teh Lean Swee,近打城,afternoon|evening|night,mall|shopping|indoor|family,,unknown,$$,90,Large mall option for indoor shopping and meals.,大型商场，适合室内购物和用餐。,Practical rainy-day or family-friendly node.,雨天或家庭路线很实用。,https://maps.google.com/?q=AEON+Mall+Kinta+City,,active,community_suggested,2026-06-02,Seed civic data.,true,false,false,false
ipoh-parade,ipoh-parade,1,Ipoh Parade,怡保百利广场,Ipoh Parade,怡保百利,shopping,mall,4.59596,101.09058,New Town,Jalan Sultan Abdul Jalil,新街场,afternoon|evening|night,mall|shopping|indoor,,unknown,$$,90,Central city mall near New Town food areas.,靠近新街场美食区的市中心商场。,"Useful indoor stop between lunch, dinner and night market routes.",午餐、晚餐和夜市路线之间的室内停靠点。,https://maps.google.com/?q=Ipoh+Parade,,active,community_suggested,2026-06-02,Seed civic data.,false,false,false,false
ang-sana-mall,ang-sana,1,Angsana Ipoh Mall,Angsana 怡保广场,Angsana Ipoh Mall,Angsana,shopping,mall,4.6107,101.1195,Greentown,Greentown,绿城,afternoon|evening,mall|shopping|indoor,,unknown,$$,75,Neighbourhood mall in the Greentown side of Ipoh.,绿城一带的社区商场。,Useful connector for Greentown dining or errands.,可连接绿城用餐或补给路线。,https://maps.google.com/?q=Angsana+Ipoh+Mall,,active,needs_verification,2026-06-02,Verify current mall naming.,false,false,false,false
de-box-mall,de-box,1,De Box Mall,De Box 商场,De Box Mall,De Box,shopping,mall,4.5926,101.0904,New Town,Ipoh,怡保,afternoon|evening,shopping|indoor,,unknown,$$,60,Small mall-style stop near central Ipoh.,怡保市区附近的小型商场停靠点。,Optional indoor buffer when nearby outdoor stops are too hot.,户外太热时可作为附近室内缓冲点。,https://maps.google.com/?q=De+Box+Mall+Ipoh,,active,needs_verification,2026-06-02,Verify current status.,false,false,false,false
pasar-besar-ipoh,pasar-besar,1,Pasar Besar Ipoh,怡保大巴刹,Pasar Besar Ipoh,怡保大巴刹,local_market,wet_market,4.5949,101.0815,New Town,Jalan Laxamana,新街场,morning,market|local|food|daily_life,market,mixed,$,45,Traditional market showing everyday local Ipoh life.,展现怡保日常生活的传统市场。,Best early node before coffee and old-town walking.,适合早上先走，再接白咖啡和旧街场。,https://maps.google.com/?q=Pasar+Besar+Ipoh,,active,community_suggested,2026-06-02,Seed civic data.,false,true,false,false
memory-lane,memory-lane,1,Memory Lane Flea Market,怡保跳蚤市场,Memory Lane,跳蚤市场,local_market,flea_market,4.59951,101.08484,New Town,Jalan Horley,新街场,morning,market|antiques|local|weekend,,unknown,$,60,Morning flea market known for second-hand finds and local browsing.,早市跳蚤市场，适合寻宝和感受本地气氛。,Adds a Sunday-morning route option beyond standard food stops.,让周日早上路线不只停留在美食。,https://maps.google.com/?q=Memory+Lane+Ipoh,,active,community_suggested,2026-06-02,Verify operating day.,false,false,false,false
plan-b-ipoh,plan-b,1,Plan B Ipoh,Plan B 怡保,Plan B,Plan B,cafe,modern_cafe,4.59652,101.07842,Old Town,Jalan Panglima,旧街场,afternoon|evening,cafe|heritage|indoor|western,cafe,mixed,$$$,75,Modern cafe in the heritage cluster near Kong Heng.,光兴附近旧建筑群里的现代咖啡馆。,Good rest point between walking lanes and museums.,适合在小巷和博物馆路线之间休息。,https://maps.google.com/?q=Plan+B+Ipoh,,active,community_suggested,2026-06-02,Seed civic data.,true,true,false,false
nam-heong-white-coffee,nam-heong,1,Nam Heong White Coffee,南香白咖啡,Nam Heong,南香,food,white_coffee,4.59541,101.08321,New Town,Jalan Bandar Timah,新街场,morning|noon|afternoon,white_coffee|kopitiam|breakfast|local_food,kopitiam,non_halal,$$,50,Classic Ipoh white coffee stop with kopitiam atmosphere.,经典怡保白咖啡茶室。,A practical food node between Old Town and New Town walks.,连接旧街场与新街场步行路线的实用美食点。,https://maps.google.com/?q=Nam+Heong+White+Coffee+Ipoh,,active,community_suggested,2026-06-02,Verify queue and opening hours.,false,true,false,false
sin-yoon-loong,sin-yoon-loong,1,Sin Yoon Loong,新源隆,Sin Yoon Loong,新源隆,food,white_coffee,4.59491,101.08295,New Town,Jalan Bandar Timah,新街场,morning|noon,white_coffee|kopitiam|breakfast,kopitiam,non_halal,$,45,Old-style white coffee kopitiam in New Town.,新街场老派白咖啡茶室。,Good alternative or comparison stop near Nam Heong.,可和南香比较，路线很近。,https://maps.google.com/?q=Sin+Yoon+Loong+Ipoh,,active,community_suggested,2026-06-02,Seed civic data.,false,true,false,false
sun-yuan-foong,sun-yuan-foong,1,Sun Yuan Foong,新源丰,Sun Yuan Foong,新源丰,food,white_coffee,4.59506,101.08349,New Town,Jalan Bandar Timah,新街场,morning|noon,white_coffee|kopitiam|breakfast,kopitiam,non_halal,$,45,Traditional kopitiam close to other white coffee landmarks.,靠近白咖啡名店的传统茶室。,Makes the white-coffee cluster easy to compare on foot.,方便步行比较白咖啡街区。,https://maps.google.com/?q=Sun+Yuan+Foong+Ipoh,,active,community_suggested,2026-06-02,Seed civic data.,false,true,false,false
lim-kee-cafe,lim-kee,1,Lim Kee Cafe,林记茶室,Lim Kee Cafe,林记,food,kopitiam,4.5953,101.0822,New Town,Jalan Bandar Timah,新街场,morning|noon,kopitiam|breakfast|local_food,kopitiam,mixed,$,45,Neighbouring kopitiam option in the white-coffee belt.,白咖啡街区附近的茶室选择。,Useful if the famous queues are too long.,名店排队太久时可作为替代点。,https://maps.google.com/?q=Lim+Kee+Cafe+Ipoh,,active,needs_verification,2026-06-02,Verify current operation.,false,true,false,false
funny-mountain,funny-mountain,1,Funny Mountain Soya Beancurd,奇峰豆腐花,Funny Mountain,奇峰,food,dessert,4.59651,101.08568,New Town,Jalan Theatre,新街场,noon|afternoon|evening,dessert|tau_fu_fah|snack|local_food,dessert,unknown,$,20,Famous smooth soya beancurd snack stop.,著名顺滑豆腐花小吃点。,Short high-reward stop near chicken rice and night routes.,靠近鸡饭和夜市路线，短暂停靠回报高。,https://maps.google.com/?q=Funny+Mountain+Ipoh,,active,community_suggested,2026-06-02,Queue and stock may vary.,false,true,false,false
lou-wong,lou-wong,1,Lou Wong Bean Sprout Chicken,老黄芽菜鸡,Lou Wong,老黄,food,bean_sprout_chicken,4.59641,101.08529,New Town,Jalan Yau Tet Shin,新街场,noon|evening|night,chicken_rice|bean_sprout|local_food,chicken_rice,non_halal,$$,60,Classic Ipoh bean sprout chicken restaurant.,经典怡保芽菜鸡餐馆。,Core dinner node near Funny Mountain and Gerbang Malam.,晚餐核心节点，靠近奇峰和夜市街。,https://maps.google.com/?q=Lou+Wong+Ipoh,,active,community_suggested,2026-06-02,Seed civic data.,false,true,false,false
onn-kee,onn-kee,1,Onn Kee Bean Sprout Chicken,安记芽菜鸡,Onn Kee,安记,food,bean_sprout_chicken,4.59669,101.08508,New Town,Jalan Yau Tet Shin,新街场,noon|evening|night,chicken_rice|bean_sprout|local_food,chicken_rice,non_halal,$$,60,Popular bean sprout chicken option on the same food street.,同一美食街上的人气芽菜鸡选择。,Easy alternate if nearby restaurants are crowded.,附近餐馆太多人时容易替换。,https://maps.google.com/?q=Onn+Kee+Ipoh,,active,community_suggested,2026-06-02,Seed civic data.,false,true,false,false
thean-chun,thean-chun,1,Thean Chun Coffee Shop,天津茶室,Thean Chun,天津,food,kopitiam,4.59661,101.0782,Old Town,Jalan Bandar Timah,旧街场,morning|noon|afternoon,kopitiam|kai_see_hor_fun|custard|local_food,kopitiam,non_halal,$$,60,Old Town kopitiam known for hor fun and custard.,旧街场茶室，以河粉和炖蛋闻名。,Excellent food node right beside heritage lanes.,靠近历史小巷，是很强的美食节点。,https://maps.google.com/?q=Thean+Chun+Ipoh,,active,community_suggested,2026-06-02,Verify opening days.,false,true,false,false
kong-heng-kopitiam,kong-heng-kopitiam,1,Kong Heng Kopitiam,光兴茶室,Kong Heng,光兴,food,kopitiam,4.59652,101.07847,Old Town,Jalan Bandar Timah,旧街场,morning|noon|afternoon,kopitiam|heritage|local_food,kopitiam,non_halal,$$,60,Old Town kopitiam in the heritage cluster.,旧街场历史建筑群里的茶室。,Pairs directly with Concubine Lane and Kong Heng Square.,可直接接二奶巷和光兴广场。,https://maps.google.com/?q=Kong+Heng+Kopitiam+Ipoh,,active,community_suggested,2026-06-02,Seed civic data.,false,true,false,false
sin-eng-heong,sin-eng-heong,1,Sin Eng Heong,新荣香,Sin Eng Heong,新荣香,food,pastry,4.5932,101.08458,New Town,Jalan Mustapha Al-Bakri,新街场,morning|noon|afternoon,pastry|souvenir|heong_piah,pastry,non_halal,$$,25,Popular pastry and souvenir shop.,受欢迎的糕饼和手信店。,Good takeaway stop before leaving the city centre.,离开市区前适合买手信。,https://maps.google.com/?q=Sin+Eng+Heong+Ipoh,,active,community_suggested,2026-06-02,Seed civic data.,false,true,false,false
yee-hup,yee-hup,1,Yee Hup,义合,Yee Hup,义合,food,pastry,4.5958,101.0873,New Town,Ipoh,怡保,morning|noon|afternoon,pastry|souvenir|heong_piah,pastry,unknown,$$,25,Famous Ipoh pastry brand for souvenirs.,著名怡保糕饼手信品牌。,Useful souvenir node after central food route.,吃完市区美食后可顺路买手信。,https://maps.google.com/?q=Yee+Hup+Ipoh,,active,community_suggested,2026-06-02,Verify branch before visiting.,true,true,false,false
guan-heong,guan-heong,1,Guan Heong Biscuit Shop,源香饼家,Guan Heong,源香,food,pastry,4.59281,101.0851,New Town,Jalan Sultan Iskandar,新街场,morning|noon|afternoon,pastry|souvenir|local_food,pastry,non_halal,$$,25,Heritage biscuit shop and souvenir stop.,传统饼家和手信点。,Adds a practical takeaway stop to the New Town loop.,为新街场路线加入实际手信停靠点。,https://maps.google.com/?q=Guan+Heong+Ipoh,,active,community_suggested,2026-06-02,Seed civic data.,false,true,false,false
ming-court,ming-court,1,Ming Court Hong Kong Dim Sum,明阁香港点心,Ming Court,明阁,food,dim_sum,4.5961,101.08968,New Town,Jalan Leong Sin Nam,新街场,morning|noon,dim_sum|breakfast|local_food,dim_sum,non_halal,$$,70,Busy dim sum restaurant in New Town.,新街场热闹点心店。,Strong morning food node before shopping or Old Town.,早上可先吃点心，再接商场或旧街场。,https://maps.google.com/?q=Ming+Court+Ipoh,,active,community_suggested,2026-06-02,Expect queues.,false,true,false,false
foh-san,foh-san,1,Foh San Dim Sum,富山点心,Foh San,富山,food,dim_sum,4.59654,101.09009,New Town,Jalan Leong Sin Nam,新街场,morning|noon,dim_sum|breakfast|local_food,dim_sum,non_halal,$$,70,Large well-known dim sum restaurant.,大型知名点心餐馆。,Easy comparison stop near Ming Court and New Town attractions.,靠近明阁，方便比较和安排新街场路线。,https://maps.google.com/?q=Foh+San+Ipoh,,active,community_suggested,2026-06-02,Expect queues.,false,true,false,false
chooi-yue,chooi-yue,1,Chooi Yue Dim Sum,财悦点心,Chooi Yue,财悦,food,dim_sum,4.5969,101.0891,New Town,Ipoh,怡保,morning|noon,dim_sum|breakfast,dim_sum,non_halal,$$,60,Dim sum option in the New Town morning cluster.,新街场早餐点心区的选择之一。,Useful alternate when the famous two are full.,富山和明阁太满时可作为替代。,https://maps.google.com/?q=Chooi+Yue+Dim+Sum+Ipoh,,active,needs_verification,2026-06-02,Verify current status.,false,true,false,false
canning-dim-sum,canning-dim-sum,1,Canning Dim Sum,Canning 点心,Canning Dim Sum,Canning 点心,food,dim_sum,4.62031,101.11314,Canning Garden,Canning Garden,兵如港花园附近,morning|noon,dim_sum|breakfast|neighbourhood,dim_sum,non_halal,$$,70,Neighbourhood dim sum stop away from the central crowd.,市中心外的社区点心店。,Good for travellers staying near Canning or Tambun side.,适合住在 Canning 或打扪方向的旅客。,https://maps.google.com/?q=Canning+Dim+Sum+Ipoh,,active,community_suggested,2026-06-02,Seed civic data.,false,true,false,false
new-hollywood,new-hollywood,1,New Hollywood Restaurant,新好莱坞茶室,New Hollywood,新好莱坞,food,kopitiam,4.61863,101.11815,Canning Garden,Jalan Lee Kwee Foh,Canning Garden,morning|noon,kopitiam|breakfast|halal_friendly|local_food,kopitiam,mixed,$$,60,Popular multi-stall kopitiam with broader halal-friendly choices.,多摊位茶室，选择多，也较适合不同饮食需求。,Great breakfast node outside the Old Town crowd.,避开旧街场人潮的早餐节点。,https://maps.google.com/?q=New+Hollywood+Ipoh,,active,community_suggested,2026-06-02,Confirm individual stall status.,false,true,false,false
canning-garden-chee-cheong-fun,canning-ccf,1,Canning Garden Chee Cheong Fun,Canning 猪肠粉,Canning Garden Chee Cheong Fun,Canning 猪肠粉,food,chee_cheong_fun,4.6193,101.1164,Canning Garden,Canning Garden,Canning Garden,morning|noon,chee_cheong_fun|breakfast|local_food,chee_cheong_fun,non_halal,$,40,Neighbourhood chee cheong fun stop.,社区猪肠粉小吃点。,Adds a focused local breakfast option near New Hollywood.,靠近新好莱坞，可加入本地早餐路线。,https://maps.google.com/?q=Canning+Garden+Chee+Cheong+Fun+Ipoh,,active,needs_verification,2026-06-02,Verify stall details.,false,true,false,false
dai-shu-keok,dai-shu-keok,1,Dai Shu Keok Yong Tau Foo,大树脚酿料,Dai Shu Keok,大树脚,food,yong_tau_foo,4.57172,101.08331,Pasir Pinji,Jalan King,巴占/兵如港方向,noon|afternoon,yong_tau_foo|local_food|snack,yong_tau_foo,non_halal,$,50,Casual yong tau foo stop under a local street-food setting.,本地街边气氛的酿料小吃点。,Good food detour when going toward Pasir Pinji or temple routes.,去兵如港或洞庙路线时可绕入。,https://maps.google.com/?q=Dai+Shu+Keok+Ipoh,,active,community_suggested,2026-06-02,Seed civic data.,false,true,false,false
yoke-fook-moon,yoke-fook-moon,1,Yoke Fook Moon Dim Sum,玉福满点心,Yoke Fook Moon,玉福满,food,dim_sum,4.59734,101.08894,New Town,Jalan Leong Sin Nam,新街场,morning|noon|night,dim_sum|supper|local_food,dim_sum,non_halal,$$,70,Dim sum restaurant known for flexible meal timing.,用餐时段较弹性的点心餐馆。,Useful if visitors missed the usual morning dim sum window.,错过早上点心时间时很实用。,https://maps.google.com/?q=Yoke+Fook+Moon+Ipoh,,active,community_suggested,2026-06-02,Verify hours.,false,true,false,false
paris-restaurant-hakka-mee,paris-hakka-mee,1,Paris Restaurant Hakka Mee,巴黎茶室客家面,Paris Restaurant,巴黎茶室,food,hakka_mee,4.5957,101.0868,New Town,Ipoh,怡保,morning|noon,hakka_mee|noodles|local_food,noodles,non_halal,$,45,Local Hakka mee option in the city centre.,市中心本地客家面选择。,Fast noodle stop that fits between heritage and shopping nodes.,快速面食站，适合夹在古迹和购物路线之间。,https://maps.google.com/?q=Paris+Restaurant+Hakka+Mee+Ipoh,,active,needs_verification,2026-06-02,Verify exact location.,false,true,false,false
xin-quan-fang-curry-mee,xin-quan-fang,1,Xin Quan Fang Curry Mee,新泉芳咖喱面,Xin Quan Fang,新泉芳,food,curry_mee,4.59439,101.08202,New Town,Jalan Sultan Iskandar,新街场,morning|noon,curry_mee|noodles|local_food,noodles,non_halal,$$,50,Well-known curry mee spot in New Town.,新街场知名咖喱面点。,Strong lunch node near white coffee and pastry shops.,靠近白咖啡和饼家，是很强的午餐节点。,https://maps.google.com/?q=Xin+Quan+Fang+Curry+Mee+Ipoh,,active,community_suggested,2026-06-02,Expect crowds.,false,true,false,false
moon-de-moon,moon-de-moon,1,Moon De Moon,满中满,Moon De Moon,满中满,food,kai_see_hor_fun,4.62131,101.10941,Bercham,Ipoh Garden area,怡保花园附近,morning|noon,hor_fun|noodles|local_food,noodles,non_halal,$$,50,Popular noodle stop outside the Old Town core.,旧街场外的人气河粉面食点。,Good if route moves toward Bercham or Tambun.,路线往怡保花园、打扪方向时适合。,https://maps.google.com/?q=Moon+De+Moon+Ipoh,,active,community_suggested,2026-06-02,Seed civic data.,false,true,false,false
restoran-tuck-kee,tuck-kee,1,Restoran Tuck Kee,德记炒粉,Tuck Kee,德记,food,fried_noodles,4.59672,101.08451,New Town,Jalan Yau Tet Shin,新街场,evening|night,fried_noodles|supper|local_food,noodles,non_halal,$$,60,Popular fried noodle supper-style restaurant.,人气炒粉与宵夜风格餐馆。,Great evening link with Lou Wong and Funny Mountain.,晚上可与老黄、奇峰自然连接。,https://maps.google.com/?q=Restoran+Tuck+Kee+Ipoh,,active,community_suggested,2026-06-02,Seed civic data.,false,true,false,false
restoran-cowans,cowans,1,Restoran Cowan's,高温街芽菜鸡,Cowan's,高温街,food,bean_sprout_chicken,4.6031,101.0867,New Town,Jalan Raja Ekram,新街场,evening|night,chicken_rice|bean_sprout|local_food,chicken_rice,non_halal,$$,60,Bean sprout chicken option away from the main Yau Tet Shin stretch.,较远离主街的人气芽菜鸡选择。,Useful alternative when central chicken rice shops are crowded.,市中心鸡饭店拥挤时可替代。,https://maps.google.com/?q=Cowan%27s+Ipoh,,active,community_suggested,2026-06-02,Verify opening days.,false,true,false,false
pusing-public-seafood,pusing-public,1,Pusing Public Seafood Restaurant,布先民众海鲜,Pusing Public,布先民众,food,seafood,4.59092,101.08231,New Town,Ipoh,怡保,evening|night,seafood|dinner|local_food,seafood,non_halal,$$$,90,Dinner restaurant known for seafood and local dishes.,以海鲜和本地菜闻名的晚餐餐馆。,Works as a proper dinner anchor after daytime sightseeing.,白天观光后可作为正式晚餐主节点。,https://maps.google.com/?q=Pusing+Public+Seafood+Ipoh,,active,community_suggested,2026-06-02,Booking may be useful.,false,true,false,false
choong-kee-pokok-besar,choong-kee,1,Choong Kee Pokok Besar,忠记大树脚,Choong Kee,忠记,food,yong_tau_foo,4.5709,101.0841,Pasir Pinji,Pasir Pinji,兵如港,noon|afternoon,yong_tau_foo|local_food|snack,yong_tau_foo,non_halal,$,50,Another known yong tau foo node around Pasir Pinji.,兵如港一带另一个酿料节点。,Pairs with Dai Shu Keok for a local snack detour.,可和大树脚组成小吃绕线路线。,https://maps.google.com/?q=Choong+Kee+Pokok+Besar+Ipoh,,active,needs_verification,2026-06-02,Verify stall details.,false,true,false,false
k10-claypot-chicken-rice,k10,1,K10 Claypot Chicken Rice,K10 瓦煲鸡饭,K10,K10,food,claypot_rice,4.6042,101.1092,Ipoh Garden,Ipoh Garden,怡保花园,evening|night,claypot_rice|dinner|local_food,rice,non_halal,$$,60,Claypot chicken rice option in the Ipoh Garden side.,怡保花园一带的瓦煲鸡饭选择。,Good dinner point when route is outside the central tourist core.,路线不在游客市中心时适合作为晚餐点。,https://maps.google.com/?q=K10+Claypot+Chicken+Rice+Ipoh,,active,needs_verification,2026-06-02,Verify exact branch.,false,true,false,false
nasi-ganja-yong-suan,nasi-ganja,1,Nasi Ganja Yong Suan,Yong Suan 甘榜饭,Yong Suan,Yong Suan,food,nasi_kandar,4.59609,101.08768,New Town,Jalan Yang Kalsom,新街场,noon|afternoon,nasi_kandar|local_food|spicy,rice,halal,$,45,Famous nasi kandar-style lunch stop.,知名甘榜饭/印度饭午餐点。,Important halal-friendly anchor in the New Town food map.,是新街场美食图中的重要清真友好节点。,https://maps.google.com/?q=Nasi+Ganja+Yong+Suan+Ipoh,,active,community_suggested,2026-06-02,Verify queue and hours.,false,true,false,false
nasi-kandar-ayam-merah,ayam-merah,1,Nasi Kandar Ayam Merah,红鸡印度饭,Nasi Kandar Ayam Merah,红鸡印度饭,food,nasi_kandar,4.5956,101.0872,New Town,Ipoh,怡保,noon|afternoon|evening,nasi_kandar|halal|local_food,rice,halal,$,45,Halal-friendly nasi kandar style food stop.,清真友好的印度饭/甘榜饭选择。,Useful when a group needs a halal-friendly route node.,团队需要清真友好选择时很实用。,https://maps.google.com/?q=Nasi+Kandar+Ayam+Merah+Ipoh,,active,needs_verification,2026-06-02,Verify exact shop.,false,true,false,false
restoran-m-salim,m-salim,1,Restoran M. Salim,M. Salim 餐馆,M. Salim,M. Salim,food,mamak,4.5972,101.0861,New Town,Ipoh,怡保,morning|noon|evening|night,mamak|halal|local_food,mamak,halal,$,50,Casual mamak-style stop for flexible timing.,时间弹性大的嘛嘛档风格餐馆。,Good practical node for mixed groups and late-night plans.,适合混合饮食需求和较晚行程。,https://maps.google.com/?q=Restoran+M+Salim+Ipoh,,active,needs_verification,2026-06-02,Verify current details.,false,true,false,false
miker-food,miker-food,1,Miker Food,Miker Food,Miker Food,Miker Food,food,casual_dining,4.5962,101.0777,Old Town,Old Town,旧街场,evening|night,casual_dining|pizza|family,western,halal,$$,75,Casual dining option near Old Town heritage zones.,旧街场附近的休闲餐饮选择。,Good family-friendly dinner node near heritage walks.,适合家庭在旧街场路线后的晚餐。,https://maps.google.com/?q=Miker+Food+Ipoh,,active,community_suggested,2026-06-02,Verify branch and hours.,false,true,false,false
greentown-dimsum-cafe,greentown-dimsum,1,Greentown Dim Sum Cafe,绿城点心咖啡,Greentown Dim Sum Cafe,绿城点心,food,dim_sum,4.6072,101.0965,Greentown,Greentown,绿城,morning|noon,dim_sum|halal_friendly|breakfast,dim_sum,halal,$$,60,Halal-friendly dim sum-style option in Greentown.,绿城一带较清真友好的点心风格选择。,Useful for groups needing halal-friendly breakfast choices.,团队需要清真友好早餐时实用。,https://maps.google.com/?q=Greentown+Dim+Sum+Cafe+Ipoh,,active,needs_verification,2026-06-02,Verify current status.,false,true,false,false
suhaimi-cafe,suhaimi,1,Suhaimi Cafe,Suhaimi 咖啡馆,Suhaimi Cafe,Suhaimi,cafe,local_cafe,4.6081,101.0951,Greentown,Greentown,绿城,morning|noon|afternoon,cafe|halal|local_food,cafe,halal,$$,50,Local cafe option in Greentown.,绿城一带的本地咖啡馆选择。,Good alternative when central kopitiams are too crowded.,市中心茶室太拥挤时可替代。,https://maps.google.com/?q=Suhaimi+Cafe+Ipoh,,active,needs_verification,2026-06-02,Verify exact location.,false,true,false,false
dewan-warisan-cafe,dewan-warisan,1,Dewan Warisan Cafe,Dewan Warisan 咖啡,Dewan Warisan Cafe,Dewan Warisan,cafe,heritage_cafe,4.5974,101.0759,Old Town,Old Town,旧街场,afternoon|evening,cafe|heritage|indoor,cafe,unknown,$$,45,Small heritage-style cafe listing for Old Town routes.,旧街场路线中的小型历史风格咖啡馆。,Indoor pause near civic heritage nodes.,靠近古迹节点，可作为室内休息点。,https://maps.google.com/?q=Dewan+Warisan+Cafe+Ipoh,,active,needs_verification,2026-06-02,Community placeholder.,false,true,false,false
burps-and-giggles,burps-giggles,1,Burps and Giggles,Burps and Giggles,Burps and Giggles,Burps and Giggles,cafe,heritage_cafe,4.59645,101.07867,Old Town,Jalan Sultan Yusof,旧街场,afternoon|evening,cafe|heritage|photo|western,cafe,mixed,$$$,75,Popular heritage cafe in Old Town.,旧街场受欢迎的历史建筑咖啡馆。,Good longer rest stop near Concubine Lane.,靠近二奶巷，适合较长时间休息。,https://maps.google.com/?q=Burps+and+Giggles+Ipoh,,active,community_suggested,2026-06-02,Verify current operation.,false,true,false,false
bits-and-bobs,bits-bobs,1,Bits and Bobs,Bits and Bobs,Bits and Bobs,Bits and Bobs,food,dessert,4.59643,101.0783,Old Town,Old Town,旧街场,afternoon|evening,dessert|ais_kepal|snack|heritage,dessert,unknown,$,25,Retro dessert and snack stop in the heritage cluster.,旧街场怀旧甜品小吃点。,Short playful stop between lane photos and cafes.,拍小巷和咖啡馆之间的轻松小节点。,https://maps.google.com/?q=Bits+and+Bobs+Ipoh,,active,community_suggested,2026-06-02,Seed civic data.,false,true,false,false
auds-cafe,auds,1,Aud's Cafe,Aud's Cafe,Aud's Cafe,Aud's Cafe,cafe,modern_cafe,4.5966,101.0792,Old Town,Old Town,旧街场,afternoon|evening,cafe|indoor|old_town,cafe,mixed,$$,60,Modern cafe option around Old Town.,旧街场附近的现代咖啡馆选择。,Useful indoor node for slower travellers.,适合想放慢节奏的旅客。,https://maps.google.com/?q=Aud%27s+Cafe+Ipoh,,active,needs_verification,2026-06-02,Verify current operation.,false,true,false,false
patisserie-boutique,patisserie-boutique,1,Patisserie Boutique,Patisserie Boutique,Patisserie Boutique,Patisserie Boutique,cafe,dessert_cafe,4.59611,101.07901,Old Town,Old Town,旧街场,afternoon|evening,cafe|dessert|indoor,cafe,mixed,$$,60,Dessert cafe in Old Town area.,旧街场甜点咖啡馆。,Good dessert rest stop after heritage walking.,古迹步行后适合甜点休息。,https://maps.google.com/?q=Patisserie+Boutique+Ipoh,,active,needs_verification,2026-06-02,Verify current operation.,false,true,false,false
purple-moon-lover,purple-moon,1,Purple Moon Lover,紫月情人,Purple Moon Lover,紫月情人,cafe,dessert_cafe,4.6067,101.1139,Ipoh Garden,Ipoh Garden,怡保花园,afternoon|evening,cafe|dessert|photo,cafe,mixed,$$,60,Dessert cafe option around Ipoh Garden.,怡保花园一带甜点咖啡选择。,Useful if route heads toward Tambun or Ipoh Garden.,路线往打扪或怡保花园时顺路。,https://maps.google.com/?q=Purple+Moon+Lover+Ipoh,,active,community_suggested,2026-06-02,Seed civic data.,false,true,false,false
thumbs-cafe,thumbs,1,Thumbs Cafe,Thumbs Cafe,Thumbs Cafe,Thumbs Cafe,cafe,local_cafe,4.6046,101.0957,Greentown,Greentown,绿城,afternoon|evening,cafe|local|casual,cafe,mixed,$$,60,Casual cafe option in Greentown.,绿城一带轻松咖啡馆选择。,Works as a rest node near city shopping and Greentown food.,靠近商场和绿城食区，可作休息节点。,https://maps.google.com/?q=Thumbs+Cafe+Ipoh,,active,needs_verification,2026-06-02,Verify details.,false,true,false,false
jln-theatre-coffee,theatre-coffee,1,Jalan Theatre Coffee,戏院街咖啡,Jalan Theatre Coffee,戏院街咖啡,cafe,street_cafe,4.5962,101.0858,New Town,Jalan Theatre,戏院街,afternoon|evening,cafe|new_town|indoor,cafe,mixed,$$,45,Cafe-style stop near Funny Mountain and chicken rice streets.,靠近奇峰和芽菜鸡街的咖啡馆节点。,Useful pause before evening food route.,晚餐美食路线前的休息点。,https://maps.google.com/?q=Jalan+Theatre+Coffee+Ipoh,,active,needs_verification,2026-06-02,Community placeholder.,false,true,false,false
ipoh-white-coffee-cafe,white-coffee-cafe,1,Ipoh White Coffee Cafe,怡保白咖啡咖啡馆,Ipoh White Coffee Cafe,怡保白咖啡,cafe,white_coffee,4.5961,101.0849,New Town,New Town,新街场,morning|noon|afternoon,white_coffee|cafe|local_food,cafe,mixed,$$,45,Generic white coffee cafe node for route planning.,路线规划用的白咖啡咖啡馆节点。,Helps travellers find coffee near New Town food streets.,帮助旅客在新街场美食街附近找咖啡。,https://maps.google.com/?q=Ipoh+White+Coffee+Cafe,,active,needs_verification,2026-06-02,Placeholder for community verification.,false,true,false,false
healy-mac-ipoh,healy-mac,1,Healy Mac's Ipoh,Healy Mac's 怡保,Healy Mac's,Healy Mac's,food,pub_restaurant,4.5978,101.0905,New Town,Ipoh,怡保,evening|night,pub|western|night,western,mixed,$$$,90,Evening pub-style dining option.,晚上酒吧餐饮风格选择。,Optional nightlife food node for adult travellers.,成人旅客可作为夜晚路线选择。,https://maps.google.com/?q=Healy+Mac%27s+Ipoh,,active,needs_verification,2026-06-02,Verify suitability and hours.,false,true,false,false
konda-kondi,konda-kondi,1,Konda Kondi Cafe,Konda Kondi 咖啡馆,Konda Kondi,Konda Kondi,cafe,local_cafe,4.5981,101.0856,New Town,Ipoh,怡保,afternoon|evening,cafe|local|indoor,cafe,mixed,$$,60,Casual local cafe listing in central Ipoh.,怡保市中心的轻松本地咖啡馆。,Useful indoor node when moving between New Town stops.,在新街场点之间移动时可休息。,https://maps.google.com/?q=Konda+Kondi+Ipoh,,active,needs_verification,2026-06-02,Verify details.,false,true,false,false
jln-bijeh-timah-snack,bijeh-snack,1,Jalan Bijeh Timah Snack Row,锡米街小吃带,Jalan Bijeh Timah Snack Row,锡米街小吃带,food,snack_row,4.59622,101.0776,Old Town,Jalan Bijeh Timah,旧街场,morning|noon|afternoon,snacks|old_town|local_food,snack,mixed,$,30,Cluster-style snack row reference for Old Town planning.,旧街场路线规划用的小吃带参考。,Helps the graph show a food connector near museums.,让图谱在博物馆附近有美食连接点。,https://maps.google.com/?q=Jalan+Bijeh+Timah+Ipoh,,active,needs_verification,2026-06-02,Area placeholder; verify stalls.,false,true,false,false
kampung-simee-market-food,simee-market,1,Kampung Simee Market Food,甘榜仙美巴刹美食,Kampung Simee Market,甘榜仙美巴刹,food,market_food,4.6269,101.1046,Kampung Simee,Kampung Simee,甘榜仙美,morning|noon,market|breakfast|local_food,market,mixed,$,50,Neighbourhood market food cluster north of the city.,市区北部社区巴刹美食群。,Good local breakfast node outside standard tourist tracks.,标准游客路线外的本地早餐节点。,https://maps.google.com/?q=Kampung+Simee+Market+Ipoh,,active,needs_verification,2026-06-02,Area placeholder.,false,true,false,false
bercham-food-court,bercham-food-court,1,Bercham Food Court,巴占美食中心,Bercham Food Court,巴占美食中心,food,food_court,4.6405,101.1283,Bercham,Bercham,巴占,evening|night,food_court|local_food|family,hawker,mixed,$,60,Neighbourhood food court in Bercham.,巴占一带社区美食中心。,Useful for routes staying outside Old Town.,适合不在旧街场活动的路线。,https://maps.google.com/?q=Bercham+Food+Court+Ipoh,,active,needs_verification,2026-06-02,Verify exact court.,false,true,false,false
tambun-pomelo-stalls,tambun-pomelo,1,Tambun Pomelo Stalls,打扪柚子档,Tambun Pomelo Stalls,打扪柚子,food,fruit_stalls,4.6124,101.1406,Tambun,Tambun,打扪,morning|noon|afternoon,pomelo|fruit|souvenir|local_food,fruit,unknown,$$,25,Pomelo stall area associated with Tambun.,与打扪相关的柚子档区域。,Good fruit souvenir node after Tambun or cave routes.,打扪或洞庙路线后适合买水果手信。,https://maps.google.com/?q=Tambun+Pomelo+Ipoh,,active,community_suggested,2026-06-02,Verify stall choice.,false,true,false,false
menglembu-peanut-candy,menglembu-peanut,1,Menglembu Peanut Candy,万里望花生糖,Menglembu Peanut Candy,万里望花生糖,food,souvenir_snack,4.5888,101.0422,Menglembu,Menglembu,万里望,morning|noon|afternoon,peanut_candy|souvenir|snack,snack,unknown,$,25,Souvenir snack reference around Menglembu.,万里望一带的手信小吃参考。,Useful if route heads west from Ipoh centre.,路线往怡保西侧时可顺路。,https://maps.google.com/?q=Menglembu+Peanut+Candy,,active,needs_verification,2026-06-02,Area placeholder.,false,true,false,false
silibin-food-court,silibin-food-court,1,Silibin Food Court,狮尾美食中心,Silibin Food Court,狮尾美食中心,food,food_court,4.6043,101.0579,Silibin,Silibin,狮尾,evening|night,food_court|local_food,hawker,mixed,$,60,Neighbourhood food court west of Old Town.,旧街场西侧社区美食中心。,Adds local dinner option for western Ipoh routes.,为怡保西侧路线加入本地晚餐点。,https://maps.google.com/?q=Silibin+Food+Court+Ipoh,,active,needs_verification,2026-06-02,Verify exact court.,false,true,false,false
pasir-pinji-food-cluster,pasir-pinji-food,1,Pasir Pinji Food Cluster,兵如港美食群,Pasir Pinji Food Cluster,兵如港美食群,food,food_cluster,4.5742,101.0834,Pasir Pinji,Pasir Pinji,兵如港,noon|afternoon|evening,local_food|snacks|cluster,hawker,mixed,$,60,Food cluster around Pasir Pinji.,兵如港一带美食群。,Helps connect yong tau foo and cave temple directions.,连接酿料小吃和洞庙方向很有用。,https://maps.google.com/?q=Pasir+Pinji+Food+Ipoh,,active,needs_verification,2026-06-02,Area placeholder.,false,true,false,false
old-town-dessert-cluster,old-town-dessert,1,Old Town Dessert Cluster,旧街场甜品群,Old Town Dessert Cluster,旧街场甜品群,food,dessert_cluster,4.5965,101.078,Old Town,Old Town,旧街场,afternoon|evening,dessert|snacks|old_town,dessert,mixed,$,35,Dessert cluster reference for Old Town route planning.,旧街场路线规划用甜品群参考。,Gives travellers a softer stop after heritage walks.,古迹步行后让路线有轻松甜品点。,https://maps.google.com/?q=Old+Town+Dessert+Ipoh,,active,needs_verification,2026-06-02,Area placeholder.,false,true,false,false
greentown-food-court,greentown-food-court,1,Greentown Food Court,绿城美食中心,Greentown Food Court,绿城美食中心,food,food_court,4.6061,101.0969,Greentown,Greentown,绿城,evening|night,food_court|local_food|family,hawker,mixed,$,60,Food court reference around Greentown.,绿城一带美食中心参考。,Practical dinner node near city hotels and malls.,靠近市区酒店和商场，晚餐实用。,https://maps.google.com/?q=Greentown+Food+Court+Ipoh,,active,needs_verification,2026-06-02,Verify current court.,false,true,false,false
ipoh-garden-food-strip,ipoh-garden-food,1,Ipoh Garden Food Strip,怡保花园美食带,Ipoh Garden Food Strip,怡保花园美食带,food,food_cluster,4.6108,101.1125,Ipoh Garden,Ipoh Garden,怡保花园,evening|night,food_cluster|local_food|family,hawker,mixed,$$,60,Food strip reference around Ipoh Garden.,怡保花园一带美食带参考。,"Good connector between Kinta City, Bercham and Tambun.",连接近打城、巴占和打扪方向。,https://maps.google.com/?q=Ipoh+Garden+Food,,active,needs_verification,2026-06-02,Area placeholder.,false,true,false,false
little-india-ipoh,little-india,1,Little India Ipoh,怡保小印度,Little India Ipoh,小印度,street,cultural_street,4.5952,101.0822,New Town,Jalan Lahat area,新街场附近,morning|afternoon|evening,culture|shopping|food|street,,mixed,$$,45,Cultural street area with shops and food references.,有商店和食物气氛的文化街区。,Adds cultural contrast near white coffee and market routes.,在白咖啡和市场路线附近加入文化层次。,https://maps.google.com/?q=Little+India+Ipoh,,active,needs_verification,2026-06-02,Area placeholder.,false,false,false,false
panglima-kinta-mosque,panglima-kinta-mosque,1,Panglima Kinta Mosque,邦里玛近打清真寺,Panglima Kinta Mosque,邦里玛近打清真寺,heritage,mosque,4.59311,101.07959,New Town,Jalan Masjid,新街场,morning|afternoon,heritage|architecture|mosque,,halal,$,25,Historic mosque landmark near New Town and Mural Art's Lane.,靠近新街场和壁画巷的历史清真寺地标。,Good architectural stop between mural and food nodes.,适合连接壁画和美食节点。,https://maps.google.com/?q=Panglima+Kinta+Mosque+Ipoh,,active,community_suggested,2026-06-02,Respect worship space.,false,false,false,false
st-michaels-institution,st-michaels,1,St. Michael's Institution,圣米高学校,St. Michael's Institution,圣米高,heritage,school,4.60135,101.08732,New Town,Jalan S. P. Seenivasagam,新街场,morning|afternoon,heritage|architecture|school,,unknown,$,20,Historic school building and city landmark.,历史学校建筑和城市地标。,Adds architectural context near New Town and river routes.,为新街场和河畔路线加入建筑脉络。,https://maps.google.com/?q=St+Michael%27s+Institution+Ipoh,,active,community_suggested,2026-06-02,View respectfully from public areas.,false,false,false,false
anderson-school,anderson-school,1,Anderson School Ipoh,安德申学校,Anderson School Ipoh,安德申学校,heritage,school,4.6038,101.0992,Greentown,Ipoh,怡保,morning|afternoon,heritage|architecture|school,,unknown,$,20,Historic school landmark in Ipoh.,怡保历史学校地标。,Useful context node for civic heritage beyond Old Town.,让古迹路线不只局限旧街场。,https://maps.google.com/?q=Anderson+School+Ipoh,,active,needs_verification,2026-06-02,View respectfully from public areas.,false,false,false,false
geological-museum,geological-museum,1,Geological Museum Ipoh,地质博物馆,Geological Museum Ipoh,地质博物馆,museum,science_museum,4.57201,101.10242,Gunung Rapat,Jalan Sultan Azlan Shah,昆仑喇叭方向,morning|afternoon,museum|geology|limestone|family,,unknown,$,60,Museum explaining geology and mineral context around Ipoh.,介绍怡保地质与矿物背景的博物馆。,Excellent learning stop before cave temples and limestone lakes.,去洞庙和石灰岩湖前很适合补充知识。,https://maps.google.com/?q=Geological+Museum+Ipoh,,active,community_suggested,2026-06-02,Verify opening hours.,false,false,false,false
darul-ridzuan-museum,darul-ridzuan,1,Darul Ridzuan Museum,达鲁力祖安博物馆,Darul Ridzuan Museum,达鲁力祖安博物馆,museum,state_museum,4.60685,101.07758,Kinta River,Jalan Panglima Bukit Gantang Wahab,近打河附近,morning|afternoon,museum|heritage|state_history,,unknown,$,60,Museum covering Perak history and local heritage.,介绍霹雳历史与本地文化的博物馆。,Good cultural node near riverfront and Old Town edges.,靠近河畔和旧街场边缘的文化节点。,https://maps.google.com/?q=Darul+Ridzuan+Museum+Ipoh,,active,community_suggested,2026-06-02,Verify opening hours.,false,false,false,false
22-hale-street,hale-street,1,22 Hale Street,22 Hale Street,22 Hale Street,22 Hale Street,heritage,heritage_gallery,4.5965,101.0789,Old Town,Hale Street,旧街场,morning|afternoon,heritage|gallery|old_town,,unknown,$$,45,Heritage gallery-style stop in Old Town.,旧街场历史展馆式停靠点。,Adds a quieter cultural stop near busy lanes.,在热闹小巷旁加入较安静的文化点。,https://maps.google.com/?q=22+Hale+Street+Ipoh,,active,community_suggested,2026-06-02,Verify opening and fees.,false,false,false,false
ipoh-mural-old-uncle,mural-old-uncle,1,Old Uncle Drinking Coffee Mural,老人喝咖啡壁画,Old Uncle Drinking Coffee Mural,老人喝咖啡壁画,street,mural,4.5963,101.0781,Old Town,Old Town,旧街场,morning|afternoon,mural|photo|white_coffee,,unknown,$,15,Well-known mural photo point in Old Town.,旧街场知名壁画拍照点。,Tiny node that links coffee culture with street art.,小节点，却能连接白咖啡文化和街头艺术。,https://maps.google.com/?q=Old+Uncle+Drinking+Coffee+Mural+Ipoh,,active,needs_verification,2026-06-02,Verify exact mural condition.,false,false,false,false
ipoh-mural-hummingbird,mural-hummingbird,1,Hummingbird Mural Ipoh,蜂鸟壁画,Hummingbird Mural,蜂鸟壁画,street,mural,4.596,101.0784,Old Town,Old Town,旧街场,morning|afternoon,mural|photo|street_art,,unknown,$,15,Street art photo point in Old Town.,旧街场街头艺术拍照点。,Good micro-stop when walking between lanes.,在小巷之间步行时可作为微停靠点。,https://maps.google.com/?q=Hummingbird+Mural+Ipoh,,active,needs_verification,2026-06-02,Verify exact mural condition.,false,false,false,false
japanese-garden-ipoh,japanese-garden,1,Japanese Garden Ipoh,怡保日本花园,Japanese Garden Ipoh,日本花园,park,garden,4.6034,101.0816,Kinta River,DR Park area,DR 公园附近,morning|evening,garden|park|walk|family,,unknown,$,40,Quiet garden area near DR Park.,DR 公园附近较安静的花园区。,Nice short green connector near riverfront routes.,靠近河畔路线的短绿色连接点。,https://maps.google.com/?q=Japanese+Garden+Ipoh,,active,needs_verification,2026-06-02,Verify access.,false,false,false,false
sultan-abdul-aziz-park,polo-ground,1,Sultan Abdul Aziz Recreation Park,苏丹阿都阿兹休闲公园,Sultan Abdul Aziz Recreation Park,Polo Ground,park,recreation,4.6091,101.1096,Ipoh Garden,Jalan Brash,怡保花园附近,morning|evening,park|jogging|family|green,,unknown,$,60,Popular park also known as Polo Ground.,也称 Polo Ground 的人气公园。,Good family and walking node near Ipoh Garden.,靠近怡保花园，适合家庭和散步。,https://maps.google.com/?q=Sultan+Abdul+Aziz+Recreation+Park+Ipoh,,active,community_suggested,2026-06-02,Seed civic data.,false,false,false,false
kellies-castle,kellies-castle,1,Kellie's Castle,凯利古堡,Kellie's Castle,凯利古堡,heritage,castle,4.4741,101.0917,Batu Gajah,Batu Gajah,华都牙也,morning|afternoon,heritage|castle|photo|day_trip,,unknown,$$,120,"Historic castle outside Ipoh, better as a day-trip extension.",怡保市区外的历史古堡，较适合作为半日延伸。,Useful long-distance node when travellers have a car.,旅客有车时可作为较远路线节点。,https://maps.google.com/?q=Kellie%27s+Castle,,active,community_suggested,2026-06-02,Outside Ipoh city; verify travel time.,false,false,false,false
tt5-tin-dredge,tt5,1,Tanjung Tualang Tin Dredge No. 5,丹绒端朗五号铁船,TT5,五号铁船,heritage,mining_heritage,4.3268,101.0615,Tanjung Tualang,Tanjung Tualang,丹绒端朗,morning|afternoon,tin_mining|heritage|day_trip,,unknown,$$,120,Tin dredge heritage site connected to Perak mining history.,与霹雳锡矿历史有关的铁船遗址。,Good extended route for visitors interested in mining heritage.,适合对锡矿历史有兴趣的延伸路线。,https://maps.google.com/?q=Tanjung+Tualang+Tin+Dredge+No+5,,active,community_suggested,2026-06-02,Outside Ipoh; verify access.,false,false,false,false
gopeng-heritage-house,gopeng-heritage,1,Gopeng Heritage House,务边文物馆,Gopeng Heritage House,务边文物馆,heritage,heritage_house,4.4715,101.1662,Gopeng,Gopeng,务边,morning|afternoon,heritage|day_trip|culture,,unknown,$,75,Heritage house in Gopeng for extended Ipoh-area routes.,务边的文物馆，适合怡保周边延伸路线。,Good pairing with Gopeng nature and day trips.,可和务边自然路线组合。,https://maps.google.com/?q=Gopeng+Heritage+House,,active,needs_verification,2026-06-02,Outside Ipoh; verify hours.,false,false,false,false
gopeng-white-water,gopeng-rafting,1,Gopeng White Water Rafting Area,务边激流区,Gopeng White Water Rafting,务边激流,nature,adventure,4.4631,101.1722,Gopeng,Gopeng,务边,morning|afternoon,rafting|adventure|nature|day_trip,,unknown,$$$,240,Adventure area around Gopeng for rafting operators.,务边一带激流活动区域。,Separate active day-trip route rather than casual city stop.,较适合独立户外半日路线。,https://maps.google.com/?q=Gopeng+White+Water+Rafting,,active,needs_verification,2026-06-02,Verify operator and safety details.,false,false,false,false
tambun-cave-cluster,tambun-caves,1,Tambun Cave Cluster,打扪洞穴群,Tambun Cave Cluster,打扪洞穴群,nature,limestone_caves,4.626,101.15,Tambun,Tambun,打扪,morning|afternoon,limestone|cave|nature,,unknown,$,90,Limestone cave area reference near Tambun.,打扪附近石灰岩洞穴区域参考。,Useful as a geological context node near hot springs.,靠近温泉，适合作为地质脉络节点。,https://maps.google.com/?q=Tambun+Cave+Ipoh,,active,needs_verification,2026-06-02,Area placeholder; verify access.,false,false,false,false
ipoh-airport,ipoh-airport,1,Sultan Azlan Shah Airport,苏丹阿兹兰沙机场,Sultan Azlan Shah Airport,怡保机场,transport,airport,4.5683,101.0921,Gunung Rapat,Jalan Lapangan Terbang,机场路,morning|afternoon|evening|night,airport|transport|arrival,,unknown,$,20,Ipoh airport and transport arrival node.,怡保机场交通抵达节点。,Important for travellers planning route order from arrival.,旅客从机场抵达时可决定路线顺序。,https://maps.google.com/?q=Sultan+Azlan+Shah+Airport,,active,community_suggested,2026-06-02,Verify flight and transport.,false,false,false,true
amanjaya-terminal,amanjaya-terminal,1,Amanjaya Bus Terminal,Amanjaya 巴士总站,Amanjaya Bus Terminal,Amanjaya 巴士总站,transport,bus_terminal,4.67242,101.07418,Meru,Bandar Meru Raya,美鲁,morning|afternoon|evening|night,bus_terminal|transport|arrival,,unknown,$,25,Main express bus terminal north of Ipoh.,怡保北部主要长途巴士总站。,Important arrival/departure node for overland travellers.,陆路旅客抵达和离开时的重要节点。,https://maps.google.com/?q=Amanjaya+Bus+Terminal,,active,community_suggested,2026-06-02,Verify route transfer.,false,false,false,true
medan-kidd-bus-station,medan-kidd,1,Medan Kidd Bus Station,美丹杰巴士站,Medan Kidd Bus Station,美丹杰巴士站,transport,local_bus_station,4.59746,101.07174,Old Town,Medan Kidd,火车站附近,morning|afternoon|evening,bus|transport|old_town,,unknown,$,25,Local bus station near Ipoh Railway Station.,靠近怡保火车站的本地巴士站。,Important public-transport connector for Old Town routes.,旧街场公共交通路线的重要连接点。,https://maps.google.com/?q=Medan+Kidd+Bus+Station,,active,community_suggested,2026-06-02,Verify BAS.MY stop details.,false,false,false,true
greentown-business-centre,greentown-business,1,Greentown Business Centre,绿城商业中心,Greentown Business Centre,绿城商业中心,shopping,business_district,4.6078,101.0961,Greentown,Greentown,绿城,afternoon|evening|night,business_area|food|shopping,,mixed,$$,60,Business and dining area near central Ipoh hotels.,靠近市区酒店的商业与餐饮区。,Useful practical node for hotel-based travellers.,适合以酒店为中心规划的旅客。,https://maps.google.com/?q=Greentown+Business+Centre+Ipoh,,active,community_suggested,2026-06-02,Seed civic data.,false,false,false,false
meru-raya,meru-raya,1,Meru Raya,美鲁拉也,Meru Raya,美鲁拉也,shopping,township,4.6731,101.0731,Meru,Bandar Meru Raya,美鲁,afternoon|evening,township|shopping|transport,,unknown,$$,75,Township area around Amanjaya and northern Ipoh.,Amanjaya 与怡保北部周边城镇区。,Useful when travellers arrive by express bus.,旅客搭长途巴士抵达时很有用。,https://maps.google.com/?q=Meru+Raya+Ipoh,,active,community_suggested,2026-06-02,Area placeholder.,false,false,false,true
mydin-meru-raya,mydin-meru,1,Mydin Meru Raya,Mydin 美鲁,Mydin,Mydin,shopping,hypermarket,4.6741,101.0759,Meru,Meru Raya,美鲁,afternoon|evening,shopping|hypermarket|transport,,halal,$$,60,Hypermarket stop near Amanjaya terminal.,靠近 Amanjaya 总站的大型超市。,Practical supply stop for bus-arrival travellers.,长途巴士抵达旅客补给很实用。,https://maps.google.com/?q=Mydin+Meru+Raya,,active,community_suggested,2026-06-02,Seed civic data.,true,false,false,true
bulatan-amanjaya,bulatan-amanjaya,1,Bulatan Amanjaya,Amanjaya 环岛,Bulatan Amanjaya,Amanjaya 环岛,transport,landmark,4.6728,101.0789,Meru,Meru Raya,美鲁,morning|afternoon|evening,transport|landmark|wayfinding,,unknown,$,10,Wayfinding landmark around Meru Raya transport area.,美鲁交通区的辨识地标。,Helps explain northern transport route geometry.,有助理解怡保北部交通路线。,https://maps.google.com/?q=Bulatan+Amanjaya,,active,needs_verification,2026-06-02,Wayfinding placeholder.,false,false,false,true
